Date,Year,Month,Day,Weekday,City,Product line,Unit price,Quantity,Predicted Quantity,Current Stock,Gap to Fulfill
05-01-2019,2019,1,5,5,Mexico City,Colgate Toothpaste,74.69,67,91,31,60
08-03-2019,2019,3,8,4,Hyderabad,Redmi Note 13,15.28,72,91,57,34
03-03-2019,2019,3,3,6,Mumbai,Samsung Galaxy M14,46.33,25,35,96,0
27-01-2019,2019,1,27,6,New York,Dettol Handwash,58.22,26,42,55,0
08-02-2019,2019,2,8,4,New York,Vim Bar,86.31,53,61,36,25
25-03-2019,2019,3,25,0,Hyderabad,Amul Butter,85.39,66,89,50,39
25-02-2019,2019,2,25,0,Mexico City,Surf Excel,68.84,62,68,80,0
24-02-2019,2019,2,24,6,Chennai,Samsung Galaxy M14,73.56,71,94,10,84
10-01-2019,2019,1,10,3,Mexico City,Tata Salt,36.26,45,71,60,11
20-02-2019,2019,2,20,2,Dubai,Pepsi Can,54.84,34,63,40,23
06-02-2019,2019,2,6,2,Mumbai,Godrej Hair Dye,14.48,31,36,68,0
09-03-2019,2019,3,9,5,Hyderabad,Tide Detergent,25.51,63,69,29,40
12-02-2019,2019,2,12,1,Pune,Apple iPhone 13,46.95,31,41,86,0
07-02-2019,2019,2,7,3,Mumbai,Lay's Chips,43.19,65,92,50,42
29-03-2019,2019,3,29,4,Mumbai,Boost Drink,71.38,37,61,45,16
15-01-2019,2019,1,15,1,Chennai,Kellogg's Cornflakes,93.72,66,96,64,32
11-03-2019,2019,3,11,0,Mexico City,Dove Shampoo,68.93,37,62,45,17
01-01-2019,2019,1,1,1,Pune,Tata Salt,72.61,84,93,12,81
21-01-2019,2019,1,21,0,New York,Vim Bar,54.67,31,37,81,0
11-03-2019,2019,3,11,0,Pune,Colgate Toothpaste,40.3,23,52,32,20
25-02-2019,2019,2,25,0,London,Gillette Razor,86.04,60,72,15,57
05-03-2019,2019,3,5,1,Dubai,Dettol Handwash,87.98,48,65,17,48
15-03-2019,2019,3,15,4,London,Nestle Munch,33.2,72,82,14,68
17-02-2019,2019,2,17,6,Mumbai,Surf Excel,34.56,88,95,22,73
02-03-2019,2019,3,2,5,Dubai,Bournvita,88.63,52,62,68,0
22-03-2019,2019,3,22,4,Hyderabad,Dettol Handwash,52.59,38,56,44,12
08-02-2019,2019,2,8,4,Pune,Nescafe Coffee,33.52,66,85,74,11
10-03-2019,2019,3,10,6,Toronto,Tata Salt,87.67,75,93,35,58
25-01-2019,2019,1,25,4,Toronto,Dove Shampoo,88.36,66,75,13,62
15-03-2019,2019,3,15,4,Mexico City,Gillette Razor,24.89,23,50,98,0
25-02-2019,2019,2,25,0,Bengaluru,Redmi Note 13,94.13,51,57,32,25
28-01-2019,2019,1,28,0,Hyderabad,Milton Water Bottle,78.07,34,52,93,0
10-01-2019,2019,1,10,3,Mexico City,Vim Bar,83.78,26,49,82,0
15-03-2019,2019,3,15,4,New York,Coca-Cola Bottle,96.58,60,83,62,21
06-02-2019,2019,2,6,2,Mumbai,Pepsi Can,99.42,40,52,63,0
07-01-2019,2019,1,7,0,London,Colgate Toothpaste,68.12,35,43,70,0
10-03-2019,2019,3,10,6,New York,Gillette Razor,62.62,68,77,59,18
15-01-2019,2019,1,15,1,New York,Coca-Cola Bottle,60.88,46,54,45,9
23-03-2019,2019,3,23,5,London,Kissan Jam,54.92,41,70,52,18
03-03-2019,2019,3,3,6,New York,Parachute Oil,30.12,22,50,66,0
17-01-2019,2019,1,17,3,Delhi,Aashirvaad Atta,86.72,22,33,48,0
02-02-2019,2019,2,2,5,Mumbai,Bournvita,56.11,90,120,80,40
08-02-2019,2019,2,8,4,Pune,Gillette Razor,69.12,86,94,31,63
04-03-2019,2019,3,4,0,Tokyo,Lay's Chips,98.7,87,113,99,14
16-03-2019,2019,3,16,5,Hyderabad,Surf Excel,15.37,78,96,64,32
09-03-2019,2019,3,9,5,Mumbai,Vim Bar,93.96,69,95,78,17
27-02-2019,2019,2,27,2,Tokyo,Tata Salt,56.69,78,92,34,58
06-02-2019,2019,2,6,2,Dubai,Dove Shampoo,20.01,25,36,63,0
10-02-2019,2019,2,10,6,London,Boost Drink,18.93,22,41,21,20
19-03-2019,2019,3,19,1,Bengaluru,Coca-Cola Bottle,82.63,29,40,20,20
03-02-2019,2019,2,3,6,Chennai,Gillette Razor,91.4,40,47,77,0
10-02-2019,2019,2,10,6,Hyderabad,Dettol Handwash,44.59,34,45,80,0
22-03-2019,2019,3,22,4,Mexico City,Parachute Oil,17.87,26,43,66,0
25-01-2019,2019,1,25,4,Mexico City,Redmi Note 13,15.43,63,80,70,10
07-03-2019,2019,3,7,3,Tokyo,Vim Bar,16.16,41,54,79,0
28-02-2019,2019,2,28,3,Hyderabad,Lux Soap,85.98,97,113,12,101
27-03-2019,2019,3,27,2,Hyderabad,Redmi Note 13,44.34,97,103,54,49
07-02-2019,2019,2,7,3,Mumbai,Boost Drink,89.6,43,60,24,36
20-01-2019,2019,1,20,6,London,Aashirvaad Atta,72.35,91,103,32,71
12-03-2019,2019,3,12,1,Bengaluru,Tide Detergent,30.61,95,118,38,80
15-02-2019,2019,2,15,4,London,Maggi Noodles,24.74,67,86,80,6
24-02-2019,2019,2,24,6,Toronto,Redmi Note 13,55.73,89,119,43,76
03-02-2019,2019,2,3,6,Dubai,Kissan Jam,55.07,45,66,41,25
06-03-2019,2019,3,6,2,Mexico City,Nescafe Coffee,15.81,65,79,35,44
14-02-2019,2019,2,14,3,Tokyo,Samsung Galaxy M14,75.74,84,102,57,45
13-03-2019,2019,3,13,2,Dubai,Pepsi Can,15.87,94,116,18,98
10-02-2019,2019,2,10,6,Chennai,Parachute Oil,33.47,65,83,37,46
07-01-2019,2019,1,7,0,Delhi,Tide Detergent,97.61,86,108,11,97
24-01-2019,2019,1,24,3,Toronto,Vim Bar,78.77,64,88,16,72
02-02-2019,2019,2,2,5,Pune,Redmi Note 13,18.33,73,80,49,31
06-01-2019,2019,1,6,6,Toronto,Kissan Jam,89.48,59,65,13,52
11-02-2019,2019,2,11,0,London,Kissan Jam,62.12,29,51,86,0
05-03-2019,2019,3,5,1,Mumbai,Pepsi Can,48.52,41,69,15,54
09-03-2019,2019,3,9,5,London,Milton Water Bottle,75.91,25,45,43,2
22-01-2019,2019,1,22,1,Tokyo,Nescafe Coffee,74.67,38,53,39,14
13-01-2019,2019,1,13,6,Dubai,Tata Salt,41.65,98,105,78,27
09-01-2019,2019,1,9,2,Bengaluru,Tata Salt,49.04,90,96,48,48
12-01-2019,2019,1,12,5,Tokyo,Amul Butter,20.01,90,110,44,66
05-03-2019,2019,3,5,1,Toronto,Vim Bar,78.31,98,117,13,104
22-01-2019,2019,1,22,1,London,Dove Shampoo,20.38,26,42,94,0
21-01-2019,2019,1,21,0,Tokyo,Oreo Biscuits,99.19,35,65,83,0
26-01-2019,2019,1,26,5,Tokyo,Nescafe Coffee,96.68,66,87,49,38
23-01-2019,2019,1,23,2,Pune,Coca-Cola Bottle,19.25,100,105,50,55
23-02-2019,2019,2,23,5,London,Oreo Biscuits,80.36,55,78,46,32
09-03-2019,2019,3,9,5,Tokyo,Milton Water Bottle,48.91,63,76,33,43
05-03-2019,2019,3,5,1,Delhi,Pepsi Can,83.06,34,45,35,10
25-03-2019,2019,3,25,0,Chennai,Colgate Toothpaste,76.52,42,61,62,0
27-03-2019,2019,3,27,2,Pune,Aashirvaad Atta,49.38,59,68,42,26
02-01-2019,2019,1,2,2,Delhi,Milton Water Bottle,42.47,43,71,36,35
27-02-2019,2019,2,27,2,Chennai,Godrej Hair Dye,76.99,94,110,10,100
23-01-2019,2019,1,23,2,Mumbai,Real Fruit Juice,47.38,51,58,24,34
26-01-2019,2019,1,26,5,Tokyo,Colgate Toothpaste,44.86,48,69,36,33
10-01-2019,2019,1,10,3,Mexico City,Redmi Note 13,21.98,94,122,18,104
12-03-2019,2019,3,12,1,Bengaluru,Vim Bar,64.36,91,117,59,58
06-02-2019,2019,2,6,2,Bengaluru,Nestle Munch,89.75,26,50,89,0
08-03-2019,2019,3,8,4,Mumbai,Bournvita,97.16,86,115,87,28
29-03-2019,2019,3,29,4,London,Fortune Rice,87.87,52,78,11,67
09-02-2019,2019,2,9,5,Mumbai,Boost Drink,12.45,95,120,22,98
23-03-2019,2019,3,23,5,Toronto,Bournvita,52.75,22,35,88,0
05-03-2019,2019,3,5,1,Pune,Maggi Noodles,82.7,49,63,11,52
26-03-2019,2019,3,26,1,Mexico City,Fortune Rice,48.71,42,47,19,28
01-03-2019,2019,3,1,4,Mumbai,Amul Butter,78.55,42,51,73,0
01-02-2019,2019,2,1,4,London,Kellogg's Cornflakes,23.07,93,103,55,48
28-03-2019,2019,3,28,3,Bengaluru,Real Fruit Juice,58.26,38,45,19,26
19-03-2019,2019,3,19,1,London,Fortune Rice,30.35,38,47,61,0
12-01-2019,2019,1,12,5,Bengaluru,Parachute Oil,88.67,95,116,34,82
05-01-2019,2019,1,5,5,Tokyo,Parachute Oil,27.38,79,85,87,0
22-03-2019,2019,3,22,4,Bengaluru,Vim Bar,62.13,61,69,36,33
24-03-2019,2019,3,24,6,Hyderabad,Lay's Chips,33.98,54,80,30,50
03-03-2019,2019,3,3,6,Dubai,Kissan Jam,81.97,81,95,90,5
05-02-2019,2019,2,5,1,Dubai,Boost Drink,16.49,65,89,87,2
05-02-2019,2019,2,5,1,Delhi,Kissan Jam,98.21,75,83,53,30
15-02-2019,2019,2,15,4,Chennai,Boost Drink,72.84,27,35,33,2
19-01-2019,2019,1,19,5,Mexico City,Vim Bar,58.07,92,107,88,19
01-02-2019,2019,2,1,4,Hyderabad,Lux Soap,80.79,89,119,35,84
02-03-2019,2019,3,2,5,Dubai,Lay's Chips,27.02,99,106,51,55
05-03-2019,2019,3,5,1,London,Nestle Munch,21.94,34,41,27,14
16-01-2019,2019,1,16,2,Tokyo,Tata Salt,51.36,31,37,32,5
02-02-2019,2019,2,2,5,Tokyo,Aashirvaad Atta,10.96,49,69,84,0
20-01-2019,2019,1,20,6,Tokyo,Amul Butter,53.44,96,102,87,15
14-02-2019,2019,2,14,3,Pune,Apple iPhone 13,99.56,88,95,14,81
12-01-2019,2019,1,12,5,Hyderabad,Lux Soap,57.12,46,54,16,38
09-03-2019,2019,3,9,5,Delhi,Lux Soap,99.96,26,40,27,13
13-03-2019,2019,3,13,2,Delhi,Dettol Handwash,63.91,49,60,67,0
09-03-2019,2019,3,9,5,Tokyo,Coca-Cola Bottle,56.47,30,37,54,0
10-03-2019,2019,3,10,6,Mexico City,Colgate Toothpaste,93.69,50,72,22,50
27-01-2019,2019,1,27,6,Dubai,Surf Excel,32.25,89,107,93,14
08-01-2019,2019,1,8,1,Tokyo,Aashirvaad Atta,31.73,75,85,48,37
08-01-2019,2019,1,8,1,Hyderabad,Oreo Biscuits,68.54,70,81,97,0
08-02-2019,2019,2,8,4,Toronto,Boost Drink,90.28,46,61,59,2
25-01-2019,2019,1,25,4,Mexico City,Apple iPhone 13,39.62,27,41,67,0
06-03-2019,2019,3,6,2,Chennai,Boost Drink,92.13,26,37,92,0
10-02-2019,2019,2,10,6,Chennai,Lux Soap,34.84,97,104,71,33
17-02-2019,2019,2,17,6,Bengaluru,Lux Soap,87.45,73,102,64,38
08-03-2019,2019,3,8,4,Pune,Dove Shampoo,81.3,58,87,87,0
18-02-2019,2019,2,18,0,Dubai,Oreo Biscuits,90.22,22,38,45,0
18-01-2019,2019,1,18,4,New York,Surf Excel,26.31,45,64,18,46
18-02-2019,2019,2,18,0,Delhi,Kellogg's Cornflakes,34.42,23,36,95,0
16-02-2019,2019,2,16,5,Mexico City,Oreo Biscuits,51.91,80,103,70,33
16-03-2019,2019,3,16,5,Chennai,Real Fruit Juice,72.5,82,87,81,6
23-01-2019,2019,1,23,2,Tokyo,Coca-Cola Bottle,89.8,35,63,32,31
25-01-2019,2019,1,25,4,Mexico City,Gillette Razor,90.5,97,116,84,32
05-02-2019,2019,2,5,1,Bengaluru,Dettol Handwash,68.6,44,58,24,34
22-02-2019,2019,2,22,4,Hyderabad,Oreo Biscuits,30.41,54,70,20,50
21-01-2019,2019,1,21,0,New York,Redmi Note 13,77.95,85,101,80,21
08-03-2019,2019,3,8,4,Tokyo,Kissan Jam,46.26,42,51,43,8
10-02-2019,2019,2,10,6,London,Nescafe Coffee,30.14,41,64,97,0
19-03-2019,2019,3,19,1,Delhi,Oreo Biscuits,66.14,89,117,17,100
06-03-2019,2019,3,6,2,Delhi,Coca-Cola Bottle,71.86,65,81,11,70
27-03-2019,2019,3,27,2,Chennai,Kellogg's Cornflakes,32.46,46,53,69,0
23-03-2019,2019,3,23,5,Hyderabad,Fortune Rice,91.54,59,79,68,11
11-03-2019,2019,3,11,0,Pune,Fortune Rice,34.56,86,105,91,14
29-01-2019,2019,1,29,1,New York,Fortune Rice,83.24,38,68,32,36
07-02-2019,2019,2,7,3,Hyderabad,Tide Detergent,16.48,37,47,72,0
28-01-2019,2019,1,28,0,Dubai,Milton Water Bottle,80.97,72,99,94,5
20-02-2019,2019,2,20,2,Toronto,Lay's Chips,92.29,29,52,81,0
04-01-2019,2019,1,4,4,Pune,Lux Soap,72.17,63,73,60,13
07-03-2019,2019,3,7,3,Mexico City,Bournvita,50.28,78,86,86,0
30-03-2019,2019,3,30,5,Hyderabad,Aashirvaad Atta,97.22,47,52,51,1
27-03-2019,2019,3,27,2,London,Oreo Biscuits,93.39,33,46,36,10
19-01-2019,2019,1,19,5,Tokyo,Apple iPhone 13,43.18,30,51,100,0
25-02-2019,2019,2,25,0,Delhi,Nestle Munch,63.69,100,108,65,43
13-03-2019,2019,3,13,2,Dubai,Vim Bar,45.79,41,66,26,40
30-01-2019,2019,1,30,2,Chennai,Vim Bar,76.4,67,92,59,33
20-02-2019,2019,2,20,2,Hyderabad,Kissan Jam,39.9,60,73,16,57
25-02-2019,2019,2,25,0,Mexico City,Nescafe Coffee,42.57,41,70,15,55
16-01-2019,2019,1,16,2,Dubai,Nescafe Coffee,95.58,48,75,100,0
08-02-2019,2019,2,8,4,Mexico City,Surf Excel,98.98,74,97,51,46
19-01-2019,2019,1,19,5,London,Amul Butter,51.28,57,75,78,0
01-02-2019,2019,2,1,4,Delhi,Redmi Note 13,69.52,91,111,63,48
03-01-2019,2019,1,3,3,London,Tide Detergent,70.01,80,90,99,0
26-01-2019,2019,1,26,5,Mumbai,Boost Drink,80.05,72,80,66,14
03-03-2019,2019,3,3,6,Delhi,Aashirvaad Atta,20.85,80,95,27,68
19-01-2019,2019,1,19,5,Chennai,Dettol Handwash,52.89,76,83,77,6
18-01-2019,2019,1,18,4,Pune,Dettol Handwash,19.79,20,39,12,27
21-03-2019,2019,3,21,3,Hyderabad,Vim Bar,33.84,29,44,44,0
03-03-2019,2019,3,3,6,Delhi,Bournvita,22.17,76,91,63,28
13-02-2019,2019,2,13,2,New York,Samsung Galaxy M14,22.51,93,102,72,30
23-03-2019,2019,3,23,5,Tokyo,Lay's Chips,73.88,85,104,97,7
28-01-2019,2019,1,28,0,Tokyo,Coca-Cola Bottle,86.8,58,87,16,71
09-02-2019,2019,2,9,5,New York,Nescafe Coffee,64.26,63,68,94,0
23-01-2019,2019,1,23,2,Mumbai,Real Fruit Juice,38.47,27,54,32,22
23-03-2019,2019,3,23,5,Pune,Vim Bar,15.5,76,87,44,43
25-01-2019,2019,1,25,4,Bengaluru,Nescafe Coffee,34.31,40,56,52,4
04-03-2019,2019,3,4,0,London,Godrej Hair Dye,12.34,22,35,35,0
05-03-2019,2019,3,5,1,Hyderabad,Kellogg's Cornflakes,18.08,55,69,16,53
03-03-2019,2019,3,3,6,Pune,Lay's Chips,94.49,72,88,74,14
08-02-2019,2019,2,8,4,Mumbai,Nestle Munch,46.47,69,93,80,13
10-02-2019,2019,2,10,6,Bengaluru,Colgate Toothpaste,74.07,66,75,13,62
28-01-2019,2019,1,28,0,Delhi,Amul Butter,69.81,41,57,53,4
11-02-2019,2019,2,11,0,Pune,Amul Butter,77.04,93,113,16,97
15-01-2019,2019,1,15,1,Pune,Tata Salt,73.52,88,98,77,21
16-03-2019,2019,3,16,5,Dubai,Redmi Note 13,87.8,39,63,89,0
26-01-2019,2019,1,26,5,Mexico City,Redmi Note 13,25.55,21,33,90,0
19-03-2019,2019,3,19,1,Mumbai,Coca-Cola Bottle,32.71,76,81,26,55
13-01-2019,2019,1,13,6,Dubai,Tata Salt,74.29,89,115,25,90
26-03-2019,2019,3,26,1,Bengaluru,Amul Butter,43.7,74,96,71,25
23-03-2019,2019,3,23,5,Pune,Vim Bar,25.29,26,52,88,0
12-03-2019,2019,3,12,1,Mumbai,Boost Drink,41.5,88,93,40,53
17-02-2019,2019,2,17,6,Bengaluru,Colgate Toothpaste,71.39,66,76,44,32
29-01-2019,2019,1,29,1,Delhi,Surf Excel,19.15,63,93,33,60
15-03-2019,2019,3,15,4,Dubai,Godrej Hair Dye,57.49,61,80,74,6
14-01-2019,2019,1,14,0,Dubai,Amul Butter,61.41,21,41,27,14
06-02-2019,2019,2,6,2,Delhi,Colgate Toothpaste,25.9,53,71,20,51
15-02-2019,2019,2,15,4,Delhi,Amul Butter,17.77,50,74,50,24
03-01-2019,2019,1,3,3,Chennai,Lay's Chips,23.03,87,104,55,49
04-01-2019,2019,1,4,4,Chennai,Colgate Toothpaste,66.65,21,44,70,0
18-03-2019,2019,3,18,0,New York,Vim Bar,28.53,71,81,32,49
28-03-2019,2019,3,28,3,Mumbai,Kellogg's Cornflakes,30.37,99,126,76,50
02-03-2019,2019,3,2,5,Toronto,Dettol Handwash,99.73,100,111,78,33
25-01-2019,2019,1,25,4,Hyderabad,Aashirvaad Atta,26.23,64,76,72,4
16-01-2019,2019,1,16,2,Chennai,Maggi Noodles,93.26,34,53,29,24
20-03-2019,2019,3,20,2,Delhi,Maggi Noodles,92.36,29,56,88,0
04-01-2019,2019,1,4,4,New York,Gillette Razor,46.42,42,71,63,8
11-03-2019,2019,3,11,0,Toronto,Milton Water Bottle,29.61,47,55,73,0
22-03-2019,2019,3,22,4,Mumbai,Dove Shampoo,18.28,84,105,20,85
24-03-2019,2019,3,24,6,New York,Tata Salt,24.77,55,75,43,32
21-02-2019,2019,2,21,3,London,Redmi Note 13,94.64,62,84,91,0
12-02-2019,2019,2,12,1,London,Kissan Jam,94.87,29,42,67,0
10-03-2019,2019,3,10,6,Chennai,Kellogg's Cornflakes,57.34,81,89,75,14
31-01-2019,2019,1,31,3,Chennai,Gillette Razor,45.35,99,108,88,20
06-03-2019,2019,3,6,2,New York,Oreo Biscuits,62.08,32,49,62,0
17-02-2019,2019,2,17,6,Hyderabad,Milton Water Bottle,11.81,34,41,11,30
21-02-2019,2019,2,21,3,London,Pepsi Can,12.54,33,38,79,0
20-03-2019,2019,3,20,2,Delhi,Apple iPhone 13,43.25,68,94,90,4
11-01-2019,2019,1,11,4,London,Apple iPhone 13,87.16,62,91,21,70
26-01-2019,2019,1,26,5,Pune,Vim Bar,69.37,91,97,93,4
31-01-2019,2019,1,31,3,Dubai,Coca-Cola Bottle,37.06,65,83,18,65
26-02-2019,2019,2,26,1,Bengaluru,Tide Detergent,90.7,82,91,25,66
11-03-2019,2019,3,11,0,Tokyo,Parachute Oil,63.42,81,103,24,79
26-01-2019,2019,1,26,5,Mexico City,Maggi Noodles,81.37,47,60,27,33
12-03-2019,2019,3,12,1,Dubai,Kissan Jam,10.59,54,79,62,17
11-02-2019,2019,2,11,0,Pune,Lay's Chips,84.09,40,63,93,0
21-02-2019,2019,2,21,3,Hyderabad,Samsung Galaxy M14,73.82,30,60,22,38
09-03-2019,2019,3,9,5,Mumbai,Redmi Note 13,51.94,72,102,72,30
20-01-2019,2019,1,20,6,Mexico City,Dove Shampoo,93.14,47,77,45,32
28-01-2019,2019,1,28,0,Tokyo,Dove Shampoo,17.41,60,83,53,30
05-03-2019,2019,3,5,1,Mexico City,Samsung Galaxy M14,44.22,55,83,71,12
02-03-2019,2019,3,2,5,Mumbai,Dettol Handwash,13.22,56,73,93,0
11-01-2019,2019,1,11,4,Pune,Maggi Noodles,89.69,65,77,65,12
11-01-2019,2019,1,11,4,Tokyo,Real Fruit Juice,24.94,38,44,61,0
11-03-2019,2019,3,11,0,Mexico City,Dettol Handwash,59.77,39,51,73,0
28-02-2019,2019,2,28,3,Mumbai,Vim Bar,93.2,56,85,59,26
05-01-2019,2019,1,5,5,Hyderabad,Milton Water Bottle,62.65,94,122,71,51
02-02-2019,2019,2,2,5,London,Amul Butter,93.87,70,82,63,19
01-01-2019,2019,1,1,1,London,Fortune Rice,47.59,33,60,83,0
09-02-2019,2019,2,9,5,New York,Kissan Jam,81.4,93,120,33,87
23-01-2019,2019,1,23,2,Pune,Tide Detergent,17.94,89,105,94,11
07-01-2019,2019,1,7,0,Mumbai,Milton Water Bottle,77.72,73,82,19,63
14-01-2019,2019,1,14,0,Mumbai,Redmi Note 13,73.06,75,90,46,44
02-02-2019,2019,2,2,5,New York,Tata Salt,46.55,69,99,66,33
17-03-2019,2019,3,17,6,London,Lay's Chips,35.19,32,37,35,2
02-03-2019,2019,3,2,5,London,Surf Excel,14.39,94,104,44,60
16-03-2019,2019,3,16,5,Toronto,Bournvita,23.75,100,124,92,32
06-01-2019,2019,1,6,6,Chennai,Gillette Razor,58.9,87,99,51,48
29-01-2019,2019,1,29,1,New York,Maggi Noodles,32.62,88,112,76,36
31-01-2019,2019,1,31,3,Toronto,Kellogg's Cornflakes,66.35,52,58,93,0
05-02-2019,2019,2,5,1,Chennai,Aashirvaad Atta,25.91,60,88,48,40
13-02-2019,2019,2,13,2,Bengaluru,Amul Butter,32.25,56,62,21,41
07-02-2019,2019,2,7,3,New York,Godrej Hair Dye,65.94,20,48,83,0
19-03-2019,2019,3,19,1,Toronto,Tide Detergent,75.06,72,90,54,36
07-03-2019,2019,3,7,3,Pune,Dettol Handwash,16.45,80,96,65,31
13-03-2019,2019,3,13,2,Tokyo,Nestle Munch,38.3,23,43,83,0
09-02-2019,2019,2,9,5,Delhi,Tide Detergent,22.24,84,103,95,8
26-02-2019,2019,2,26,1,New York,Kellogg's Cornflakes,54.45,42,55,27,28
12-03-2019,2019,3,12,1,Bengaluru,Lux Soap,98.4,46,58,53,5
14-03-2019,2019,3,14,3,Delhi,Lay's Chips,35.47,96,114,30,84
08-01-2019,2019,1,8,1,Hyderabad,Surf Excel,74.6,77,101,19,82
05-01-2019,2019,1,5,5,Delhi,Coca-Cola Bottle,70.74,29,49,38,11
04-01-2019,2019,1,4,4,New York,Aashirvaad Atta,35.54,55,81,19,62
06-03-2019,2019,3,6,2,Hyderabad,Colgate Toothpaste,67.43,87,102,67,35
03-01-2019,2019,1,3,3,Hyderabad,Lux Soap,21.12,47,59,40,19
07-01-2019,2019,1,7,0,Delhi,Dove Shampoo,21.54,62,67,100,0
27-01-2019,2019,1,27,6,Chennai,Aashirvaad Atta,12.03,71,90,85,5
26-02-2019,2019,2,26,1,Mumbai,Parachute Oil,99.71,95,118,49,69
07-01-2019,2019,1,7,0,Hyderabad,Pepsi Can,47.97,52,68,73,0
07-01-2019,2019,1,7,0,Chennai,Real Fruit Juice,21.82,42,57,99,0
02-02-2019,2019,2,2,5,Bengaluru,Oreo Biscuits,95.42,37,63,19,44
20-03-2019,2019,3,20,2,Hyderabad,Fortune Rice,70.99,70,80,34,46
20-03-2019,2019,3,20,2,Pune,Lay's Chips,44.02,31,55,42,13
15-02-2019,2019,2,15,4,New York,Oreo Biscuits,69.96,87,102,32,70
06-03-2019,2019,3,6,2,London,Boost Drink,37,73,87,91,0
06-01-2019,2019,1,6,6,Pune,Colgate Toothpaste,15.34,25,45,59,0
04-03-2019,2019,3,4,0,Hyderabad,Apple iPhone 13,99.83,49,64,76,0
12-03-2019,2019,3,12,1,London,Surf Excel,47.67,97,102,14,88
20-02-2019,2019,2,20,2,Mexico City,Gillette Razor,66.68,82,102,99,3
24-03-2019,2019,3,24,6,Chennai,Godrej Hair Dye,74.86,75,93,44,49
31-01-2019,2019,1,31,3,Pune,Maggi Noodles,23.75,61,77,78,0
25-01-2019,2019,1,25,4,Bengaluru,Nescafe Coffee,48.51,43,55,36,19
03-02-2019,2019,2,3,6,Bengaluru,Redmi Note 13,94.88,36,63,60,3
24-01-2019,2019,1,24,3,Delhi,Lux Soap,40.3,69,78,96,0
14-03-2019,2019,3,14,3,Pune,Samsung Galaxy M14,27.85,66,75,23,52
18-02-2019,2019,2,18,0,Toronto,Boost Drink,62.48,69,88,88,0
21-01-2019,2019,1,21,0,Bengaluru,Bournvita,36.36,72,92,85,7
13-03-2019,2019,3,13,2,New York,Fortune Rice,18.11,61,82,48,34
03-03-2019,2019,3,3,6,Pune,Tide Detergent,51.92,20,47,69,0
29-03-2019,2019,3,29,4,Toronto,Nestle Munch,28.84,99,105,50,55
10-01-2019,2019,1,10,3,Chennai,Parachute Oil,78.38,35,51,65,0
25-01-2019,2019,1,25,4,Pune,Surf Excel,60.01,29,47,21,26
19-01-2019,2019,1,19,5,Pune,Milton Water Bottle,88.61,20,26,87,0
02-01-2019,2019,1,2,2,Tokyo,Oreo Biscuits,99.82,34,42,62,0
12-03-2019,2019,3,12,1,New York,Vim Bar,39.01,62,73,78,0
25-02-2019,2019,2,25,0,Delhi,Colgate Toothpaste,48.61,79,88,22,66
18-03-2019,2019,3,18,0,New York,Surf Excel,51.19,43,61,61,0
23-02-2019,2019,2,23,5,New York,Pepsi Can,14.96,33,45,46,0
26-03-2019,2019,3,26,1,Mumbai,Aashirvaad Atta,72.2,33,48,94,0
30-03-2019,2019,3,30,5,Bengaluru,Lux Soap,40.23,88,109,48,61
17-02-2019,2019,2,17,6,Dubai,Tata Salt,88.79,71,88,27,61
21-03-2019,2019,3,21,3,Tokyo,Tata Salt,26.48,28,56,25,31
05-03-2019,2019,3,5,1,Mexico City,Dettol Handwash,81.91,87,111,83,28
31-01-2019,2019,1,31,3,London,Boost Drink,79.93,72,79,87,0
05-02-2019,2019,2,5,1,Toronto,Godrej Hair Dye,69.33,77,89,82,7
01-02-2019,2019,2,1,4,Toronto,Kellogg's Cornflakes,14.23,51,59,69,0
07-03-2019,2019,3,7,3,Pune,Boost Drink,15.55,88,98,53,45
10-02-2019,2019,2,10,6,Pune,Boost Drink,78.13,51,56,44,12
14-02-2019,2019,2,14,3,London,Dove Shampoo,99.37,99,125,64,61
09-02-2019,2019,2,9,5,Chennai,Surf Excel,21.08,60,90,78,12
10-01-2019,2019,1,10,3,Hyderabad,Nestle Munch,74.79,36,65,33,32
11-03-2019,2019,3,11,0,Dubai,Boost Drink,29.67,55,71,61,10
18-02-2019,2019,2,18,0,Hyderabad,Real Fruit Juice,44.07,24,54,80,0
26-02-2019,2019,2,26,1,Tokyo,Kissan Jam,22.93,73,97,40,57
18-01-2019,2019,1,18,4,New York,Apple iPhone 13,39.42,70,86,70,16
15-02-2019,2019,2,15,4,Chennai,Apple iPhone 13,15.26,83,107,67,40
08-03-2019,2019,3,8,4,Hyderabad,Lay's Chips,61.77,28,52,50,2
17-01-2019,2019,1,17,3,Mexico City,Bournvita,21.52,40,64,88,0
12-03-2019,2019,3,12,1,Tokyo,Bournvita,97.74,45,58,88,0
09-03-2019,2019,3,9,5,Dubai,Nescafe Coffee,99.78,71,85,90,0
12-03-2019,2019,3,12,1,Dubai,Surf Excel,94.26,87,117,38,79
25-01-2019,2019,1,25,4,London,Kissan Jam,51.13,27,47,68,0
25-03-2019,2019,3,25,0,Bengaluru,Lay's Chips,36.36,94,117,14,103
07-02-2019,2019,2,7,3,Pune,Fortune Rice,22.02,86,107,66,41
17-02-2019,2019,2,17,6,Tokyo,Nestle Munch,32.9,34,56,97,0
03-02-2019,2019,2,3,6,Pune,Real Fruit Juice,77.02,51,58,83,0
14-03-2019,2019,3,14,3,Tokyo,Kellogg's Cornflakes,23.48,78,87,19,68
24-03-2019,2019,3,24,6,Dubai,Coca-Cola Bottle,14.7,52,73,52,21
21-03-2019,2019,3,21,3,Dubai,Godrej Hair Dye,28.45,85,100,27,73
19-03-2019,2019,3,19,1,Hyderabad,Parachute Oil,76.4,96,117,16,101
24-02-2019,2019,2,24,6,Dubai,Surf Excel,57.95,56,69,58,11
28-03-2019,2019,3,28,3,Hyderabad,Kellogg's Cornflakes,47.65,92,114,29,85
05-02-2019,2019,2,5,1,London,Nestle Munch,42.82,99,124,45,79
10-02-2019,2019,2,10,6,Pune,Nestle Munch,48.09,43,51,48,3
05-03-2019,2019,3,5,1,Pune,Nescafe Coffee,55.97,85,105,68,37
15-02-2019,2019,2,15,4,London,Vim Bar,76.9,82,96,29,67
30-01-2019,2019,1,30,2,Toronto,Apple iPhone 13,97.03,44,62,51,11
14-02-2019,2019,2,14,3,Toronto,Dettol Handwash,44.65,74,100,14,86
27-02-2019,2019,2,27,2,Toronto,Fortune Rice,77.93,96,120,38,82
04-02-2019,2019,2,4,0,Toronto,Oreo Biscuits,71.95,29,54,74,0
20-01-2019,2019,1,20,6,London,Redmi Note 13,89.25,62,76,32,44
28-03-2019,2019,3,28,3,Mumbai,Real Fruit Juice,26.02,88,99,74,25
27-02-2019,2019,2,27,2,Hyderabad,Lux Soap,13.5,34,47,81,0
15-02-2019,2019,2,15,4,Tokyo,Dettol Handwash,99.3,69,76,88,0
26-01-2019,2019,1,26,5,Tokyo,Tide Detergent,51.69,47,62,34,28
14-03-2019,2019,3,14,3,Chennai,Gillette Razor,54.73,94,120,25,95
02-03-2019,2019,3,2,5,Dubai,Samsung Galaxy M14,27,74,87,68,19
04-03-2019,2019,3,4,0,Bengaluru,Gillette Razor,30.24,96,105,90,15
07-01-2019,2019,1,7,0,Hyderabad,Vim Bar,89.14,79,98,10,88
08-03-2019,2019,3,8,4,Bengaluru,Tata Salt,37.55,25,39,30,9
09-01-2019,2019,1,9,2,Mumbai,Oreo Biscuits,95.44,90,114,20,94
01-03-2019,2019,3,1,4,Mumbai,Amul Butter,27.5,25,49,61,0
16-03-2019,2019,3,16,5,Mexico City,Apple iPhone 13,74.97,62,73,80,0
17-02-2019,2019,2,17,6,Bengaluru,Oreo Biscuits,80.96,89,110,97,13
27-02-2019,2019,2,27,2,Mumbai,Gillette Razor,94.47,46,55,31,24
07-03-2019,2019,3,7,3,London,Redmi Note 13,99.79,71,95,24,71
21-01-2019,2019,1,21,0,London,Parachute Oil,73.22,42,72,61,11
19-02-2019,2019,2,19,1,Delhi,Maggi Noodles,41.24,36,56,37,19
06-01-2019,2019,1,6,6,Toronto,Dettol Handwash,81.68,25,37,44,0
14-03-2019,2019,3,14,3,Toronto,Vim Bar,51.32,92,120,60,60
24-03-2019,2019,3,24,6,Delhi,Real Fruit Juice,65.94,37,66,74,0
27-01-2019,2019,1,27,6,New York,Milton Water Bottle,14.36,82,96,71,25
06-03-2019,2019,3,6,2,Dubai,Milton Water Bottle,21.5,51,65,21,44
02-02-2019,2019,2,2,5,London,Godrej Hair Dye,26.26,67,83,49,34
25-01-2019,2019,1,25,4,Tokyo,Real Fruit Juice,60.96,86,98,31,67
14-03-2019,2019,3,14,3,Pune,Surf Excel,70.11,73,102,49,53
29-01-2019,2019,1,29,1,Toronto,Nescafe Coffee,42.08,77,99,41,58
03-01-2019,2019,1,3,3,Dubai,Lux Soap,67.09,78,91,71,20
14-01-2019,2019,1,14,0,London,Real Fruit Juice,96.7,58,68,50,18
05-01-2019,2019,1,5,5,Hyderabad,Tide Detergent,35.38,42,52,81,0
22-02-2019,2019,2,22,4,Tokyo,Parachute Oil,95.49,41,66,44,22
06-02-2019,2019,2,6,2,Toronto,Vim Bar,96.98,28,33,83,0
30-01-2019,2019,1,30,2,Pune,Bournvita,23.65,96,121,71,50
11-01-2019,2019,1,11,4,London,Boost Drink,82.33,82,96,42,54
19-03-2019,2019,3,19,1,Delhi,Nestle Munch,26.61,53,60,80,0
14-01-2019,2019,1,14,0,Mexico City,Nestle Munch,99.69,77,99,51,48
01-03-2019,2019,3,1,4,Hyderabad,Oreo Biscuits,74.89,62,80,41,39
06-01-2019,2019,1,6,6,Bengaluru,Nescafe Coffee,40.94,66,79,60,19
31-01-2019,2019,1,31,3,Bengaluru,Gillette Razor,75.82,100,108,23,85
11-03-2019,2019,3,11,0,Tokyo,Colgate Toothpaste,46.77,72,101,50,51
20-02-2019,2019,2,20,2,Pune,Redmi Note 13,32.32,38,56,44,12
27-01-2019,2019,1,27,6,London,Bournvita,54.07,81,91,38,53
10-03-2019,2019,3,10,6,New York,Samsung Galaxy M14,18.22,91,117,85,32
15-02-2019,2019,2,15,4,Pune,Boost Drink,80.48,25,43,44,0
26-01-2019,2019,1,26,5,London,Real Fruit Juice,37.95,37,59,57,2
13-02-2019,2019,2,13,2,Delhi,Tata Salt,76.82,94,101,21,80
09-03-2019,2019,3,9,5,London,Gillette Razor,52.26,63,79,96,0
06-03-2019,2019,3,6,2,Bengaluru,Milton Water Bottle,79.74,83,88,66,22
24-01-2019,2019,1,24,3,Dubai,Redmi Note 13,77.5,79,98,93,5
13-03-2019,2019,3,13,2,Delhi,Real Fruit Juice,54.27,80,110,68,42
15-03-2019,2019,3,15,4,Toronto,Apple iPhone 13,13.59,95,117,79,38
05-03-2019,2019,3,5,1,Chennai,Gillette Razor,41.06,53,72,97,0
04-03-2019,2019,3,4,0,Pune,Aashirvaad Atta,19.24,52,64,98,0
25-03-2019,2019,3,25,0,Tokyo,Vim Bar,39.43,37,55,67,0
12-03-2019,2019,3,12,1,Tokyo,Pepsi Can,46.22,27,53,72,0
04-02-2019,2019,2,4,0,Toronto,Boost Drink,13.98,56,62,80,0
22-02-2019,2019,2,22,4,Dubai,Apple iPhone 13,39.75,83,101,95,6
16-02-2019,2019,2,16,5,Delhi,Lay's Chips,97.79,41,49,37,12
19-01-2019,2019,1,19,5,Dubai,Kissan Jam,67.26,64,87,56,31
11-01-2019,2019,1,11,4,New York,Kellogg's Cornflakes,13.79,76,105,21,84
04-01-2019,2019,1,4,4,Hyderabad,Parachute Oil,68.71,63,82,20,62
04-03-2019,2019,3,4,0,Chennai,Oreo Biscuits,56.53,82,89,86,3
28-01-2019,2019,1,28,0,Mumbai,Milton Water Bottle,23.82,86,116,44,72
02-01-2019,2019,1,2,2,New York,Real Fruit Juice,34.21,81,102,88,14
25-01-2019,2019,1,25,4,New York,Kellogg's Cornflakes,21.87,97,115,16,99
04-01-2019,2019,1,4,4,Dubai,Oreo Biscuits,20.97,43,48,62,0
10-03-2019,2019,3,10,6,Chennai,Real Fruit Juice,25.84,43,67,83,0
22-03-2019,2019,3,22,4,Dubai,Godrej Hair Dye,50.93,99,105,25,80
25-01-2019,2019,1,25,4,Tokyo,Tide Detergent,96.11,36,52,11,41
08-01-2019,2019,1,8,1,New York,Pepsi Can,45.38,24,30,93,0
22-01-2019,2019,1,22,1,Hyderabad,Colgate Toothpaste,81.51,68,76,100,0
12-01-2019,2019,1,12,5,London,Vim Bar,57.22,100,118,36,82
04-02-2019,2019,2,4,0,Dubai,Colgate Toothpaste,25.22,54,80,70,10
28-03-2019,2019,3,28,3,New York,Gillette Razor,38.6,58,83,57,26
23-01-2019,2019,1,23,2,Chennai,Boost Drink,84.05,61,84,67,17
08-02-2019,2019,2,8,4,Delhi,Lux Soap,97.21,57,63,21,42
19-03-2019,2019,3,19,1,Tokyo,Kissan Jam,25.42,31,40,62,0
09-03-2019,2019,3,9,5,Pune,Bournvita,16.28,30,48,93,0
02-01-2019,2019,1,2,2,Chennai,Boost Drink,40.61,59,84,55,29
21-01-2019,2019,1,21,0,Bengaluru,Redmi Note 13,53.17,73,102,72,30
20-03-2019,2019,3,20,2,Dubai,Oreo Biscuits,20.87,86,104,98,6
27-02-2019,2019,2,27,2,Tokyo,Godrej Hair Dye,67.27,68,92,78,14
08-03-2019,2019,3,8,4,Mumbai,Maggi Noodles,90.65,60,74,52,22
31-01-2019,2019,1,31,3,Delhi,Tide Detergent,69.08,71,99,76,23
08-03-2019,2019,3,8,4,Delhi,Real Fruit Juice,43.27,77,86,34,52
13-01-2019,2019,1,13,6,Mumbai,Fortune Rice,23.46,70,75,46,29
09-03-2019,2019,3,9,5,Toronto,Gillette Razor,95.54,31,53,46,7
22-02-2019,2019,2,22,4,Dubai,Parachute Oil,47.44,80,92,29,63
19-03-2019,2019,3,19,1,Bengaluru,Kissan Jam,99.24,62,78,51,27
20-01-2019,2019,1,20,6,Bengaluru,Lay's Chips,82.93,80,101,39,62
08-03-2019,2019,3,8,4,Dubai,Lay's Chips,33.99,63,92,25,67
08-03-2019,2019,3,8,4,Toronto,Milton Water Bottle,17.04,73,78,45,33
07-02-2019,2019,2,7,3,Tokyo,Kissan Jam,40.86,96,126,46,80
15-01-2019,2019,1,15,1,Hyderabad,Pepsi Can,17.44,26,37,83,0
22-03-2019,2019,3,22,4,New York,Samsung Galaxy M14,88.43,30,52,24,28
15-01-2019,2019,1,15,1,Tokyo,Oreo Biscuits,89.21,69,81,81,0
08-01-2019,2019,1,8,1,Delhi,Aashirvaad Atta,12.78,53,75,11,64
15-01-2019,2019,1,15,1,Mexico City,Parachute Oil,19.1,65,91,61,30
28-01-2019,2019,1,28,0,Delhi,Milton Water Bottle,19.15,58,77,11,66
14-02-2019,2019,2,14,3,New York,Fortune Rice,27.66,69,92,57,35
10-03-2019,2019,3,10,6,Tokyo,Lux Soap,45.74,98,123,89,34
12-01-2019,2019,1,12,5,Toronto,Tata Salt,27.07,65,84,20,64
26-03-2019,2019,3,26,1,Bengaluru,Tide Detergent,39.12,26,54,99,0
01-01-2019,2019,1,1,1,Hyderabad,Pepsi Can,74.71,48,71,20,51
02-01-2019,2019,1,2,2,Tokyo,Maggi Noodles,22.01,63,82,26,56
16-03-2019,2019,3,16,5,Mexico City,Godrej Hair Dye,63.61,33,60,17,43
03-03-2019,2019,3,3,6,Tokyo,Redmi Note 13,25,47,58,61,0
31-01-2019,2019,1,31,3,Bengaluru,Samsung Galaxy M14,20.77,92,118,27,91
13-02-2019,2019,2,13,2,New York,Coca-Cola Bottle,29.56,70,82,35,47
15-02-2019,2019,2,15,4,Mexico City,Nestle Munch,77.4,41,71,99,0
07-02-2019,2019,2,7,3,Hyderabad,Samsung Galaxy M14,79.39,75,103,22,81
27-01-2019,2019,1,27,6,Chennai,Pepsi Can,46.57,50,67,81,0
23-02-2019,2019,2,23,5,Tokyo,Godrej Hair Dye,35.89,43,61,25,36
03-02-2019,2019,2,3,6,Delhi,Milton Water Bottle,40.52,78,83,34,49
03-03-2019,2019,3,3,6,Toronto,Dove Shampoo,73.05,98,116,34,82
03-02-2019,2019,2,3,6,Mexico City,Gillette Razor,73.95,73,87,55,32
17-03-2019,2019,3,17,6,Delhi,Lay's Chips,22.62,43,68,12,56
28-03-2019,2019,3,28,3,Mumbai,Tata Salt,51.34,35,54,68,0
02-03-2019,2019,3,2,5,Delhi,Apple iPhone 13,54.55,93,111,13,98
08-02-2019,2019,2,8,4,Bengaluru,Milton Water Bottle,37.15,44,65,26,39
22-03-2019,2019,3,22,4,Mexico City,Tata Salt,37.02,29,56,46,10
09-02-2019,2019,2,9,5,Toronto,Nescafe Coffee,21.58,88,106,100,6
15-02-2019,2019,2,15,4,Toronto,Real Fruit Juice,98.84,77,85,60,25
23-01-2019,2019,1,23,2,Toronto,Dove Shampoo,83.77,83,96,90,6
25-01-2019,2019,1,25,4,London,Surf Excel,40.05,20,37,18,19
02-02-2019,2019,2,2,5,Pune,Kellogg's Cornflakes,43.13,78,98,52,46
30-03-2019,2019,3,30,5,Dubai,Surf Excel,72.57,77,100,34,66
30-03-2019,2019,3,30,5,Hyderabad,Kissan Jam,64.44,33,41,11,30
25-02-2019,2019,2,25,0,Pune,Coca-Cola Bottle,65.18,91,115,22,93
18-03-2019,2019,3,18,0,Bengaluru,Colgate Toothpaste,33.26,28,34,45,0
07-03-2019,2019,3,7,3,New York,Pepsi Can,84.07,51,61,52,9
16-03-2019,2019,3,16,5,Chennai,Maggi Noodles,34.37,76,81,84,0
29-01-2019,2019,1,29,1,Tokyo,Real Fruit Juice,38.6,56,71,28,43
02-02-2019,2019,2,2,5,Chennai,Boost Drink,65.97,77,100,79,21
15-02-2019,2019,2,15,4,Dubai,Boost Drink,32.8,63,91,67,24
08-01-2019,2019,1,8,1,Toronto,Maggi Noodles,37.14,92,105,18,87
12-02-2019,2019,2,12,1,Toronto,Godrej Hair Dye,60.38,92,119,83,36
01-01-2019,2019,1,1,1,Tokyo,Lay's Chips,36.98,53,72,67,5
21-03-2019,2019,3,21,3,Mumbai,Amul Butter,49.49,66,75,62,13
28-02-2019,2019,2,28,3,Dubai,Parachute Oil,41.09,60,88,65,23
23-03-2019,2019,3,23,5,Delhi,Gillette Razor,37.15,59,72,70,2
30-01-2019,2019,1,30,2,Dubai,Milton Water Bottle,22.96,91,96,64,32
04-02-2019,2019,2,4,0,Bengaluru,Real Fruit Juice,77.68,23,33,11,22
13-03-2019,2019,3,13,2,Dubai,Godrej Hair Dye,34.7,61,80,14,66
15-03-2019,2019,3,15,4,Chennai,Apple iPhone 13,19.66,82,110,80,30
05-03-2019,2019,3,5,1,Chennai,Parachute Oil,25.32,96,109,87,22
05-03-2019,2019,3,5,1,Bengaluru,Fortune Rice,12.12,47,75,66,9
26-02-2019,2019,2,26,1,Toronto,Samsung Galaxy M14,99.89,21,34,72,0
20-03-2019,2019,3,20,2,Hyderabad,Parachute Oil,75.92,28,39,19,20
01-01-2019,2019,1,1,1,Dubai,Aashirvaad Atta,63.22,89,118,83,35
27-01-2019,2019,1,27,6,Delhi,Oreo Biscuits,90.24,49,58,100,0
21-01-2019,2019,1,21,0,New York,Nescafe Coffee,98.13,48,54,91,0
02-02-2019,2019,2,2,5,Chennai,Redmi Note 13,51.52,32,43,77,0
03-02-2019,2019,2,3,6,Delhi,Dove Shampoo,73.97,77,101,28,73
05-01-2019,2019,1,5,5,Dubai,Colgate Toothpaste,31.9,65,89,85,4
27-01-2019,2019,1,27,6,London,Lux Soap,69.4,89,96,82,14
25-03-2019,2019,3,25,0,Bengaluru,Dove Shampoo,93.31,73,85,24,61
25-02-2019,2019,2,25,0,Dubai,Parachute Oil,88.45,66,78,96,0
28-01-2019,2019,1,28,0,Dubai,Nescafe Coffee,24.18,52,64,67,0
08-01-2019,2019,1,8,1,Toronto,Nestle Munch,48.5,64,80,34,46
29-01-2019,2019,1,29,1,Bengaluru,Maggi Noodles,84.05,64,75,52,23
29-03-2019,2019,3,29,4,Dubai,Gillette Razor,61.29,20,39,77,0
09-02-2019,2019,2,9,5,Mumbai,Surf Excel,15.95,55,80,90,0
16-01-2019,2019,1,16,2,New York,Dove Shampoo,90.74,94,122,18,104
05-01-2019,2019,1,5,5,Tokyo,Amul Butter,42.91,84,100,71,29
27-01-2019,2019,1,27,6,Mumbai,Lux Soap,54.28,55,82,86,0
14-03-2019,2019,3,14,3,Mumbai,Kissan Jam,99.55,31,44,97,0
23-02-2019,2019,2,23,5,Tokyo,Parachute Oil,58.39,93,103,54,49
18-03-2019,2019,3,18,0,Tokyo,Oreo Biscuits,51.47,67,84,97,0
29-03-2019,2019,3,29,4,Pune,Nestle Munch,54.86,61,88,26,62
22-01-2019,2019,1,22,1,Mexico City,Vim Bar,39.39,50,60,88,0
01-03-2019,2019,3,1,4,Delhi,Samsung Galaxy M14,34.73,52,74,48,26
17-01-2019,2019,1,17,3,Dubai,Amul Butter,71.92,67,87,51,36
26-03-2019,2019,3,26,1,Chennai,Oreo Biscuits,45.71,72,86,76,10
20-03-2019,2019,3,20,2,Bengaluru,Amul Butter,83.17,53,68,88,0
06-02-2019,2019,2,6,2,Tokyo,Samsung Galaxy M14,37.44,36,57,72,0
01-01-2019,2019,1,1,1,Mexico City,Maggi Noodles,62.87,37,43,43,0
27-01-2019,2019,1,27,6,Toronto,Bournvita,81.71,35,59,55,4
25-02-2019,2019,2,25,0,Hyderabad,Redmi Note 13,91.41,97,109,58,51
16-01-2019,2019,1,16,2,New York,Nestle Munch,39.21,61,73,31,42
13-01-2019,2019,1,13,6,Tokyo,Boost Drink,59.86,97,113,98,15
07-02-2019,2019,2,7,3,Dubai,Lay's Chips,54.36,28,55,94,0
17-02-2019,2019,2,17,6,New York,Samsung Galaxy M14,98.09,47,54,97,0
12-02-2019,2019,2,12,1,Tokyo,Samsung Galaxy M14,25.43,44,51,14,37
24-01-2019,2019,1,24,3,Toronto,Boost Drink,86.68,22,39,52,0
06-02-2019,2019,2,6,2,Tokyo,Lux Soap,22.95,55,63,10,53
26-03-2019,2019,3,26,1,Pune,Nescafe Coffee,16.31,71,93,86,7
11-03-2019,2019,3,11,0,Hyderabad,Boost Drink,28.32,32,49,88,0
07-02-2019,2019,2,7,3,Toronto,Redmi Note 13,16.67,26,55,93,0
05-01-2019,2019,1,5,5,Mumbai,Vim Bar,73.96,23,47,74,0
07-03-2019,2019,3,7,3,Dubai,Bournvita,97.94,62,91,83,8
25-02-2019,2019,2,25,0,Bengaluru,Amul Butter,73.05,40,63,55,8
01-02-2019,2019,2,1,4,Bengaluru,Parachute Oil,87.48,62,75,35,40
22-01-2019,2019,1,22,1,Bengaluru,Surf Excel,30.68,51,79,23,56
03-01-2019,2019,1,3,3,Delhi,Fortune Rice,75.88,22,50,81,0
13-02-2019,2019,2,13,2,Tokyo,Amul Butter,20.18,94,119,43,76
28-01-2019,2019,1,28,0,London,Oreo Biscuits,18.77,73,93,10,83
05-01-2019,2019,1,5,5,Mexico City,Nescafe Coffee,71.2,52,72,80,0
19-03-2019,2019,3,19,1,Chennai,Lay's Chips,38.81,39,60,43,17
12-01-2019,2019,1,12,5,Hyderabad,Fortune Rice,29.42,98,114,27,87
07-01-2019,2019,1,7,0,Hyderabad,Nestle Munch,60.95,87,104,43,61
26-01-2019,2019,1,26,5,London,Real Fruit Juice,51.54,100,107,12,95
23-01-2019,2019,1,23,2,Delhi,Lux Soap,66.06,52,71,66,5
09-02-2019,2019,2,9,5,Chennai,Nestle Munch,57.27,47,66,86,0
22-02-2019,2019,2,22,4,Mumbai,Milton Water Bottle,54.31,67,75,43,32
05-02-2019,2019,2,5,1,Tokyo,Kissan Jam,58.24,98,107,84,23
07-03-2019,2019,3,7,3,New York,Milton Water Bottle,22.21,97,104,24,80
25-03-2019,2019,3,25,0,Pune,Nescafe Coffee,19.32,22,37,30,7
20-01-2019,2019,1,20,6,Chennai,Dettol Handwash,37.48,83,113,42,71
04-02-2019,2019,2,4,0,London,Redmi Note 13,72.04,63,90,94,0
30-01-2019,2019,1,30,2,London,Maggi Noodles,98.52,20,28,51,0
02-01-2019,2019,1,2,2,Mexico City,Samsung Galaxy M14,41.66,28,33,25,8
29-03-2019,2019,3,29,4,Hyderabad,Dettol Handwash,72.42,51,62,85,0
14-03-2019,2019,3,14,3,Tokyo,Tata Salt,21.58,82,103,74,29
11-02-2019,2019,2,11,0,London,Nestle Munch,89.2,42,56,24,32
30-01-2019,2019,1,30,2,Hyderabad,Milton Water Bottle,42.42,40,52,39,13
20-03-2019,2019,3,20,2,London,Nestle Munch,74.51,83,107,59,48
20-03-2019,2019,3,20,2,Chennai,Milton Water Bottle,99.25,62,80,33,47
17-01-2019,2019,1,17,3,Mexico City,Boost Drink,81.21,56,62,27,35
03-02-2019,2019,2,3,6,Dubai,Aashirvaad Atta,49.33,27,42,27,15
01-01-2019,2019,1,1,1,Pune,Nestle Munch,65.74,24,39,51,0
10-01-2019,2019,1,10,3,Pune,Colgate Toothpaste,79.86,70,99,40,59
02-03-2019,2019,3,2,5,Pune,Fortune Rice,73.98,23,40,92,0
25-02-2019,2019,2,25,0,Chennai,Godrej Hair Dye,82.04,57,63,63,0
29-01-2019,2019,1,29,1,Hyderabad,Surf Excel,26.67,27,53,45,8
10-03-2019,2019,3,10,6,Delhi,Aashirvaad Atta,10.13,40,70,85,0
13-01-2019,2019,1,13,6,Delhi,Kissan Jam,72.39,29,56,24,32
22-03-2019,2019,3,22,4,Pune,Oreo Biscuits,85.91,75,86,78,8
01-03-2019,2019,3,1,4,Pune,Nestle Munch,81.31,52,66,65,1
20-02-2019,2019,2,20,2,New York,Bournvita,60.3,63,69,75,0
14-01-2019,2019,1,14,0,Tokyo,Colgate Toothpaste,31.77,35,54,71,0
26-03-2019,2019,3,26,1,Tokyo,Tide Detergent,64.27,51,63,56,7
01-03-2019,2019,3,1,4,Pune,Dove Shampoo,69.51,81,103,24,79
07-01-2019,2019,1,7,0,Dubai,Tide Detergent,27.22,87,113,41,72
01-02-2019,2019,2,1,4,Pune,Tide Detergent,77.68,53,66,88,0
13-02-2019,2019,2,13,2,Dubai,Kellogg's Cornflakes,92.98,82,104,83,21
14-01-2019,2019,1,14,0,Pune,Milton Water Bottle,18.08,26,33,57,0
19-01-2019,2019,1,19,5,Bengaluru,Amul Butter,63.06,70,95,90,5
09-03-2019,2019,3,9,5,London,Lay's Chips,51.71,91,99,72,27
27-03-2019,2019,3,27,2,Tokyo,Fortune Rice,52.34,37,57,78,0
04-02-2019,2019,2,4,0,Bengaluru,Lux Soap,43.06,32,47,44,3
14-03-2019,2019,3,14,3,London,Tata Salt,59.61,29,36,100,0
04-03-2019,2019,3,4,0,London,Gillette Razor,14.62,38,62,88,0
03-03-2019,2019,3,3,6,Toronto,Tide Detergent,46.53,25,53,18,35
27-01-2019,2019,1,27,6,Tokyo,Maggi Noodles,24.24,79,101,92,9
07-02-2019,2019,2,7,3,Dubai,Dove Shampoo,45.58,22,36,85,0
05-02-2019,2019,2,5,1,London,Dettol Handwash,75.2,85,114,89,25
15-03-2019,2019,3,15,4,Chennai,Dettol Handwash,96.8,68,73,82,0
01-03-2019,2019,3,1,4,Mumbai,Oreo Biscuits,14.82,66,72,91,0
15-02-2019,2019,2,15,4,Dubai,Pepsi Can,52.2,74,103,19,84
17-02-2019,2019,2,17,6,Chennai,Bournvita,46.66,20,50,64,0
26-01-2019,2019,1,26,5,London,Milton Water Bottle,36.85,37,67,31,36
24-03-2019,2019,3,24,6,Pune,Lux Soap,70.32,78,100,69,31
23-01-2019,2019,1,23,2,Hyderabad,Godrej Hair Dye,83.08,56,84,46,38
26-01-2019,2019,1,26,5,Mumbai,Kellogg's Cornflakes,64.99,86,91,63,28
14-03-2019,2019,3,14,3,Toronto,Apple iPhone 13,77.56,26,31,10,21
17-03-2019,2019,3,17,6,Toronto,Redmi Note 13,54.51,36,62,41,21
08-01-2019,2019,1,8,1,Hyderabad,Colgate Toothpaste,51.89,74,80,49,31
08-02-2019,2019,2,8,4,Mumbai,Aashirvaad Atta,31.75,53,58,70,0
10-02-2019,2019,2,10,6,Pune,Maggi Noodles,53.65,35,63,95,0
28-03-2019,2019,3,28,3,London,Samsung Galaxy M14,49.79,78,90,16,74
23-01-2019,2019,1,23,2,Mumbai,Parachute Oil,30.61,25,55,84,0
17-01-2019,2019,1,17,3,New York,Boost Drink,57.89,71,86,81,5
07-02-2019,2019,2,7,3,Toronto,Maggi Noodles,28.96,61,82,84,0
09-03-2019,2019,3,9,5,Chennai,Real Fruit Juice,98.97,78,96,56,40
24-01-2019,2019,1,24,3,Bengaluru,Amul Butter,93.22,75,80,82,0
19-01-2019,2019,1,19,5,Chennai,Aashirvaad Atta,80.93,72,86,84,2
03-02-2019,2019,2,3,6,New York,Surf Excel,67.45,23,52,28,24
20-03-2019,2019,3,20,2,Mumbai,Vim Bar,38.72,20,50,76,0
13-01-2019,2019,1,13,6,London,Boost Drink,72.6,100,118,75,43
14-03-2019,2019,3,14,3,Hyderabad,Boost Drink,87.91,30,58,78,0
23-01-2019,2019,1,23,2,Chennai,Coca-Cola Bottle,98.53,29,54,53,1
07-02-2019,2019,2,7,3,Bengaluru,Samsung Galaxy M14,43.46,43,59,92,0
28-03-2019,2019,3,28,3,New York,Tide Detergent,71.68,23,44,45,0
20-03-2019,2019,3,20,2,Toronto,Tide Detergent,91.61,89,103,71,32
17-01-2019,2019,1,17,3,Chennai,Apple iPhone 13,94.59,50,66,32,34
12-01-2019,2019,1,12,5,Toronto,Nestle Munch,83.25,75,91,34,57
16-02-2019,2019,2,16,5,Hyderabad,Samsung Galaxy M14,91.35,70,84,86,0
26-01-2019,2019,1,26,5,Tokyo,Real Fruit Juice,78.88,32,55,92,0
09-03-2019,2019,3,9,5,Toronto,Surf Excel,60.87,90,100,16,84
14-03-2019,2019,3,14,3,London,Milton Water Bottle,82.58,62,82,75,7
25-01-2019,2019,1,25,4,Bengaluru,Fortune Rice,53.3,97,127,98,29
26-01-2019,2019,1,26,5,Dubai,Surf Excel,12.09,92,104,31,73
19-01-2019,2019,1,19,5,Mumbai,Tide Detergent,64.19,77,89,15,74
05-03-2019,2019,3,5,1,Pune,Bournvita,78.31,81,111,57,54
15-01-2019,2019,1,15,1,Mumbai,Fortune Rice,83.77,40,49,74,0
18-03-2019,2019,3,18,0,Bengaluru,Gillette Razor,99.7,53,70,69,1
20-03-2019,2019,3,20,2,Delhi,Dove Shampoo,79.91,48,64,96,0
15-01-2019,2019,1,15,1,Dubai,Nescafe Coffee,66.47,93,108,52,56
03-03-2019,2019,3,3,6,Pune,Parachute Oil,28.95,69,93,73,20
19-03-2019,2019,3,19,1,Bengaluru,Fortune Rice,46.2,28,36,46,0
08-03-2019,2019,3,8,4,Dubai,Fortune Rice,17.63,73,90,14,76
27-02-2019,2019,2,27,2,Delhi,Coca-Cola Bottle,52.42,68,75,19,56
23-02-2019,2019,2,23,5,Bengaluru,Fortune Rice,98.79,68,84,93,0
19-03-2019,2019,3,19,1,Mexico City,Lux Soap,88.55,42,67,90,0
27-03-2019,2019,3,27,2,Mexico City,Kellogg's Cornflakes,55.67,30,39,61,0
30-03-2019,2019,3,30,5,Mexico City,Godrej Hair Dye,72.52,88,116,56,60
16-02-2019,2019,2,16,5,Bengaluru,Tide Detergent,12.05,70,78,88,0
18-01-2019,2019,1,18,4,Chennai,Nescafe Coffee,19.36,84,111,62,49
30-03-2019,2019,3,30,5,New York,Oreo Biscuits,70.21,82,110,40,70
20-03-2019,2019,3,20,2,London,Tata Salt,33.63,43,63,10,53
16-01-2019,2019,1,16,2,Bengaluru,Nescafe Coffee,15.49,35,55,98,0
24-02-2019,2019,2,24,6,London,Dove Shampoo,24.74,74,83,36,47
15-01-2019,2019,1,15,1,Chennai,Samsung Galaxy M14,75.66,29,55,82,0
22-01-2019,2019,1,22,1,Tokyo,Amul Butter,55.81,78,103,53,50
03-02-2019,2019,2,3,6,New York,Milton Water Bottle,72.78,80,100,86,14
06-03-2019,2019,3,6,2,Mumbai,Parachute Oil,37.32,95,108,73,35
16-02-2019,2019,2,16,5,London,Lux Soap,60.18,66,94,49,45
14-03-2019,2019,3,14,3,Chennai,Gillette Razor,15.69,53,67,17,50
27-02-2019,2019,2,27,2,Mumbai,Kellogg's Cornflakes,99.69,38,43,74,0
18-01-2019,2019,1,18,4,Dubai,Oreo Biscuits,88.15,68,90,63,27
29-01-2019,2019,1,29,1,Tokyo,Maggi Noodles,27.93,35,58,81,0
26-02-2019,2019,2,26,1,New York,Godrej Hair Dye,55.45,65,90,78,12
03-02-2019,2019,2,3,6,Toronto,Dettol Handwash,42.97,45,64,67,0
16-01-2019,2019,1,16,2,Pune,Lux Soap,17.14,42,70,56,14
24-03-2019,2019,3,24,6,Toronto,Parachute Oil,58.75,94,110,68,42
12-02-2019,2019,2,12,1,Dubai,Tata Salt,87.1,53,73,94,0
21-02-2019,2019,2,21,3,Mexico City,Redmi Note 13,98.8,20,37,22,15
04-02-2019,2019,2,4,0,London,Aashirvaad Atta,48.63,29,47,37,10
20-02-2019,2019,2,20,2,Mexico City,Lay's Chips,57.74,98,125,47,78
23-02-2019,2019,2,23,5,Hyderabad,Real Fruit Juice,17.97,54,72,36,36
16-02-2019,2019,2,16,5,Delhi,Parachute Oil,47.71,20,28,29,0
17-01-2019,2019,1,17,3,Hyderabad,Bournvita,40.62,67,81,57,24
14-01-2019,2019,1,14,0,Chennai,Aashirvaad Atta,56.04,79,96,66,30
30-03-2019,2019,3,30,5,Hyderabad,Fortune Rice,93.4,28,41,56,0
02-03-2019,2019,3,2,5,Dubai,Redmi Note 13,73.41,74,102,65,37
15-02-2019,2019,2,15,4,Bengaluru,Dove Shampoo,33.64,88,94,82,12
01-03-2019,2019,3,1,4,London,Apple iPhone 13,45.48,54,67,22,45
24-02-2019,2019,2,24,6,London,Fortune Rice,83.77,76,89,68,21
19-02-2019,2019,2,19,1,Tokyo,Vim Bar,64.08,61,86,80,6
23-02-2019,2019,2,23,5,Mumbai,Dettol Handwash,73.47,29,41,91,0
07-02-2019,2019,2,7,3,Dubai,Bournvita,58.95,66,84,53,31
11-01-2019,2019,1,11,4,Hyderabad,Pepsi Can,48.5,46,63,35,28
12-02-2019,2019,2,12,1,Bengaluru,Nestle Munch,39.48,31,42,76,0
14-01-2019,2019,1,14,0,Pune,Apple iPhone 13,34.81,65,88,51,37
09-01-2019,2019,1,9,2,Dubai,Pepsi Can,49.32,43,65,84,0
27-02-2019,2019,2,27,2,Pune,Milton Water Bottle,21.48,75,103,87,16
24-01-2019,2019,1,24,3,Tokyo,Apple iPhone 13,23.08,31,36,80,0
08-01-2019,2019,1,8,1,Bengaluru,Tide Detergent,49.1,29,34,23,11
08-01-2019,2019,1,8,1,Delhi,Kissan Jam,64.83,47,52,92,0
16-01-2019,2019,1,16,2,Mexico City,Tata Salt,63.56,97,105,70,35
13-03-2019,2019,3,13,2,Mexico City,Boost Drink,72.88,71,94,78,16
15-02-2019,2019,2,15,4,London,Lux Soap,67.1,81,95,74,21
25-01-2019,2019,1,25,4,Tokyo,Fortune Rice,70.19,87,98,18,80
12-03-2019,2019,3,12,1,Hyderabad,Apple iPhone 13,55.04,76,104,26,78
04-03-2019,2019,3,4,0,Tokyo,Dove Shampoo,48.63,29,49,22,27
10-02-2019,2019,2,10,6,New York,Parachute Oil,73.38,84,105,41,64
16-01-2019,2019,1,16,2,London,Kellogg's Cornflakes,52.6,31,57,42,15
29-01-2019,2019,1,29,1,Hyderabad,Colgate Toothpaste,87.37,40,45,55,0
01-01-2019,2019,1,1,1,Tokyo,Gillette Razor,27.04,84,93,16,77
06-01-2019,2019,1,6,6,Pune,Tide Detergent,62.19,71,81,98,0
19-02-2019,2019,2,19,1,Delhi,Samsung Galaxy M14,69.58,21,32,48,0
12-01-2019,2019,1,12,5,Pune,Maggi Noodles,97.5,68,95,93,2
07-02-2019,2019,2,7,3,Toronto,Aashirvaad Atta,60.41,50,64,16,48
27-03-2019,2019,3,27,2,Chennai,Redmi Note 13,32.32,26,41,63,0
27-02-2019,2019,2,27,2,Delhi,Oreo Biscuits,19.77,54,82,76,6
06-01-2019,2019,1,6,6,Dubai,Fortune Rice,80.47,87,104,97,7
02-03-2019,2019,3,2,5,Bengaluru,Vim Bar,88.39,41,70,73,0
29-03-2019,2019,3,29,4,Delhi,Aashirvaad Atta,71.77,29,51,45,6
31-01-2019,2019,1,31,3,Toronto,Samsung Galaxy M14,43,59,89,29,60
21-01-2019,2019,1,21,0,Dubai,Lay's Chips,68.98,73,79,37,42
20-01-2019,2019,1,20,6,Tokyo,Tide Detergent,15.62,47,53,96,0
17-01-2019,2019,1,17,3,Pune,Lay's Chips,25.7,40,63,85,0
28-02-2019,2019,2,28,3,Pune,Colgate Toothpaste,80.62,77,103,14,89
19-03-2019,2019,3,19,1,Delhi,Amul Butter,75.53,48,74,22,52
19-02-2019,2019,2,19,1,Tokyo,Boost Drink,77.63,23,41,34,7
04-02-2019,2019,2,4,0,Hyderabad,Redmi Note 13,13.85,53,66,20,46
31-01-2019,2019,1,31,3,Toronto,Redmi Note 13,98.7,52,76,74,2
06-02-2019,2019,2,6,2,Tokyo,Coca-Cola Bottle,35.68,48,77,49,28
28-03-2019,2019,3,28,3,Dubai,Lux Soap,71.46,26,50,89,0
19-01-2019,2019,1,19,5,Tokyo,Dove Shampoo,11.94,85,100,33,67
17-02-2019,2019,2,17,6,Tokyo,Dove Shampoo,45.38,84,104,19,85
18-01-2019,2019,1,18,4,Dubai,Kellogg's Cornflakes,17.48,20,48,91,0
02-02-2019,2019,2,2,5,Chennai,Real Fruit Juice,25.56,88,110,66,44
18-01-2019,2019,1,18,4,Tokyo,Godrej Hair Dye,90.63,93,114,33,81
18-03-2019,2019,3,18,0,Mumbai,Tata Salt,44.12,94,119,16,103
11-01-2019,2019,1,11,4,Mumbai,Dettol Handwash,36.77,74,89,25,64
04-02-2019,2019,2,4,0,Toronto,Gillette Razor,23.34,66,96,71,25
06-02-2019,2019,2,6,2,Hyderabad,Oreo Biscuits,28.5,42,65,37,28
08-01-2019,2019,1,8,1,New York,Lux Soap,55.57,38,59,43,16
05-03-2019,2019,3,5,1,Mumbai,Tide Detergent,69.74,71,95,22,73
16-03-2019,2019,3,16,5,Tokyo,Kissan Jam,97.26,30,60,66,0
09-03-2019,2019,3,9,5,Delhi,Dove Shampoo,52.18,62,77,26,51
01-03-2019,2019,3,1,4,Bengaluru,Nestle Munch,22.32,63,81,12,69
28-02-2019,2019,2,28,3,Tokyo,Parachute Oil,56,61,69,10,59
08-02-2019,2019,2,8,4,London,Nestle Munch,19.7,38,57,92,0
24-01-2019,2019,1,24,3,Delhi,Apple iPhone 13,75.88,32,61,24,37
01-03-2019,2019,3,1,4,Delhi,Colgate Toothpaste,53.72,22,33,18,15
10-03-2019,2019,3,10,6,Delhi,Apple iPhone 13,81.95,89,112,66,46
23-03-2019,2019,3,23,5,Mumbai,Redmi Note 13,81.2,63,93,23,70
29-01-2019,2019,1,29,1,Mumbai,Colgate Toothpaste,58.76,88,112,21,91
12-01-2019,2019,1,12,5,Hyderabad,Fortune Rice,91.56,31,39,14,25
20-03-2019,2019,3,20,2,Dubai,Parachute Oil,93.96,20,36,59,0
23-03-2019,2019,3,23,5,Delhi,Tide Detergent,55.61,78,103,46,57
14-01-2019,2019,1,14,0,Hyderabad,Bournvita,84.83,65,92,44,48
12-02-2019,2019,2,12,1,Toronto,Boost Drink,71.63,36,59,10,49
20-02-2019,2019,2,20,2,Toronto,Colgate Toothpaste,37.69,49,76,84,0
02-01-2019,2019,1,2,2,Delhi,Dettol Handwash,31.67,100,110,45,65
02-02-2019,2019,2,2,5,Mumbai,Amul Butter,38.42,83,108,93,15
08-01-2019,2019,1,8,1,London,Tata Salt,65.23,28,52,80,0
30-01-2019,2019,1,30,2,Mumbai,Gillette Razor,10.53,98,126,55,71
26-03-2019,2019,3,26,1,Pune,Redmi Note 13,12.29,60,67,55,12
15-01-2019,2019,1,15,1,Dubai,Parachute Oil,81.23,94,101,13,88
14-03-2019,2019,3,14,3,Dubai,Pepsi Can,22.32,24,49,32,17
03-02-2019,2019,2,3,6,Tokyo,Amul Butter,27.28,99,120,100,20
22-02-2019,2019,2,22,4,New York,Boost Drink,17.42,51,69,23,46
24-01-2019,2019,1,24,3,Bengaluru,Kissan Jam,73.28,92,104,78,26
25-01-2019,2019,1,25,4,London,Redmi Note 13,84.87,31,57,100,0
09-03-2019,2019,3,9,5,Delhi,Fortune Rice,97.29,57,75,32,43
17-02-2019,2019,2,17,6,Pune,Real Fruit Juice,35.74,64,74,22,52
11-01-2019,2019,1,11,4,Bengaluru,Coca-Cola Bottle,96.52,34,44,57,0
27-02-2019,2019,2,27,2,Dubai,Real Fruit Juice,18.85,72,98,100,0
25-03-2019,2019,3,25,0,Dubai,Dove Shampoo,55.39,29,39,99,0
11-02-2019,2019,2,11,0,Tokyo,Fortune Rice,77.2,23,46,21,25
31-01-2019,2019,1,31,3,London,Kellogg's Cornflakes,72.13,92,119,21,98
20-01-2019,2019,1,20,6,Mexico City,Kissan Jam,63.88,55,65,57,8
26-03-2019,2019,3,26,1,Hyderabad,Vim Bar,10.69,86,112,37,75
20-01-2019,2019,1,20,6,Hyderabad,Samsung Galaxy M14,55.5,92,117,50,67
05-03-2019,2019,3,5,1,Delhi,Gillette Razor,95.46,79,95,56,39
05-01-2019,2019,1,5,5,Dubai,Real Fruit Juice,76.06,83,99,81,18
13-02-2019,2019,2,13,2,Toronto,Godrej Hair Dye,13.69,70,79,76,3
16-03-2019,2019,3,16,5,Toronto,Colgate Toothpaste,95.64,42,61,48,13
15-01-2019,2019,1,15,1,Mumbai,Lux Soap,11.43,78,88,70,18
26-02-2019,2019,2,26,1,New York,Gillette Razor,95.54,73,78,63,15
27-02-2019,2019,2,27,2,Tokyo,Maggi Noodles,85.87,24,39,40,0
17-02-2019,2019,2,17,6,Delhi,Nestle Munch,67.99,43,51,17,34
06-02-2019,2019,2,6,2,New York,Samsung Galaxy M14,52.42,25,54,17,37
17-01-2019,2019,1,17,3,Mumbai,Milton Water Bottle,65.65,61,90,53,37
22-01-2019,2019,1,22,1,Hyderabad,Colgate Toothpaste,28.86,40,60,68,0
05-03-2019,2019,3,5,1,New York,Colgate Toothpaste,65.31,90,102,91,11
03-01-2019,2019,1,3,3,Mexico City,Aashirvaad Atta,93.38,79,103,92,11
20-03-2019,2019,3,20,2,Toronto,Pepsi Can,25.25,47,71,86,0
31-01-2019,2019,1,31,3,Mexico City,Tide Detergent,87.87,79,98,69,29
19-02-2019,2019,2,19,1,Delhi,Nescafe Coffee,21.8,71,99,83,16
11-02-2019,2019,2,11,0,Pune,Milton Water Bottle,94.76,99,123,100,23
05-02-2019,2019,2,5,1,Mumbai,Fortune Rice,30.62,39,58,33,25
03-03-2019,2019,3,3,6,Pune,Gillette Razor,44.01,38,46,45,1
24-02-2019,2019,2,24,6,Dubai,Aashirvaad Atta,10.16,76,95,66,29
04-02-2019,2019,2,4,0,Mumbai,Dove Shampoo,74.58,49,57,60,0
19-02-2019,2019,2,19,1,Delhi,Boost Drink,71.89,61,69,56,13
23-01-2019,2019,1,23,2,Toronto,Oreo Biscuits,10.99,98,106,16,90
14-01-2019,2019,1,14,0,Mumbai,Gillette Razor,60.47,53,79,19,60
17-01-2019,2019,1,17,3,Tokyo,Real Fruit Juice,58.91,70,95,24,71
03-03-2019,2019,3,3,6,Tokyo,Parachute Oil,46.41,98,120,39,81
15-02-2019,2019,2,15,4,Bengaluru,Nescafe Coffee,68.55,96,109,48,61
15-01-2019,2019,1,15,1,Dubai,Nescafe Coffee,97.37,55,75,34,41
27-02-2019,2019,2,27,2,Bengaluru,Milton Water Bottle,92.6,41,54,56,0
26-02-2019,2019,2,26,1,Pune,Redmi Note 13,46.61,44,57,87,0
15-03-2019,2019,3,15,4,Mexico City,Nescafe Coffee,27.18,44,71,76,0
24-01-2019,2019,1,24,3,Toronto,Real Fruit Juice,60.87,30,41,39,2
22-02-2019,2019,2,22,4,Dubai,Amul Butter,24.49,82,109,95,14
15-03-2019,2019,3,15,4,Toronto,Milton Water Bottle,92.78,93,105,32,73
11-02-2019,2019,2,11,0,Bengaluru,Vim Bar,86.69,98,115,68,47
12-01-2019,2019,1,12,5,Hyderabad,Lay's Chips,23.01,57,62,29,33
03-03-2019,2019,3,3,6,Mexico City,Bournvita,30.2,44,67,16,51
23-03-2019,2019,3,23,5,Mexico City,Lay's Chips,67.39,52,80,79,1
04-03-2019,2019,3,4,0,Mumbai,Dettol Handwash,48.96,26,31,94,0
23-02-2019,2019,2,23,5,Delhi,Nescafe Coffee,75.59,27,45,92,0
17-03-2019,2019,3,17,6,Mumbai,Real Fruit Juice,77.47,40,61,68,0
16-01-2019,2019,1,16,2,New York,Nescafe Coffee,93.18,57,65,30,35
08-01-2019,2019,1,8,1,Dubai,Nescafe Coffee,50.23,46,59,19,40
14-01-2019,2019,1,14,0,Mumbai,Kellogg's Cornflakes,17.75,77,92,41,51
31-01-2019,2019,1,31,3,Hyderabad,Surf Excel,62.18,67,73,62,11
15-03-2019,2019,3,15,4,Chennai,Lay's Chips,10.75,35,62,27,35
24-02-2019,2019,2,24,6,Toronto,Nestle Munch,40.26,56,66,67,0
08-02-2019,2019,2,8,4,London,Tata Salt,64.97,34,53,54,0
22-03-2019,2019,3,22,4,Bengaluru,Lux Soap,95.15,96,124,81,43
24-01-2019,2019,1,24,3,Mexico City,Dove Shampoo,48.62,79,93,89,4
14-03-2019,2019,3,14,3,Tokyo,Oreo Biscuits,53.21,22,49,28,21
23-01-2019,2019,1,23,2,Toronto,Colgate Toothpaste,45.44,50,70,87,0
19-01-2019,2019,1,19,5,New York,Fortune Rice,33.88,71,94,62,32
27-01-2019,2019,1,27,6,Toronto,Milton Water Bottle,96.16,59,86,83,3
03-02-2019,2019,2,3,6,New York,Lay's Chips,47.16,76,104,15,89
25-03-2019,2019,3,25,0,Toronto,Bournvita,52.89,35,60,78,0
24-02-2019,2019,2,24,6,London,Real Fruit Juice,47.68,27,46,32,14
07-02-2019,2019,2,7,3,New York,Dove Shampoo,10.17,62,84,27,57
04-03-2019,2019,3,4,0,New York,Milton Water Bottle,68.71,66,85,12,73
14-02-2019,2019,2,14,3,Pune,Kissan Jam,60.08,38,63,40,23
29-01-2019,2019,1,29,1,Toronto,Amul Butter,22.01,29,43,68,0
28-01-2019,2019,1,28,0,Dubai,Nescafe Coffee,72.11,36,48,74,0
26-03-2019,2019,3,26,1,Delhi,Tide Detergent,41.28,79,106,25,81
24-03-2019,2019,3,24,6,London,Tata Salt,64.95,96,111,93,18
01-01-2019,2019,1,1,1,Bengaluru,Redmi Note 13,74.22,83,99,30,69
24-01-2019,2019,1,24,3,New York,Pepsi Can,10.56,99,119,42,77
25-02-2019,2019,2,25,0,Toronto,Aashirvaad Atta,62.57,47,60,22,38
09-01-2019,2019,1,9,2,New York,Vim Bar,11.85,86,108,45,63
14-02-2019,2019,2,14,3,Pune,Parachute Oil,91.3,53,70,21,49
12-03-2019,2019,3,12,1,Mumbai,Bournvita,40.73,79,84,77,7
26-03-2019,2019,3,26,1,Mexico City,Tide Detergent,52.38,37,48,87,0
09-01-2019,2019,1,9,2,Hyderabad,Kissan Jam,38.54,74,85,53,32
02-01-2019,2019,1,2,2,New York,Kissan Jam,44.63,56,71,99,0
15-01-2019,2019,1,15,1,Chennai,Lay's Chips,55.87,93,101,50,51
01-01-2019,2019,1,1,1,Chennai,Godrej Hair Dye,29.22,95,110,78,32
15-02-2019,2019,2,15,4,Dubai,Lay's Chips,51.94,87,92,19,73
28-02-2019,2019,2,28,3,Chennai,Lux Soap,60.3,62,90,29,61
02-03-2019,2019,3,2,5,Bengaluru,Gillette Razor,39.47,92,116,57,59
13-02-2019,2019,2,13,2,Chennai,Fortune Rice,14.87,56,76,92,0
26-01-2019,2019,1,26,5,London,Samsung Galaxy M14,21.32,95,113,31,82
30-01-2019,2019,1,30,2,Pune,Aashirvaad Atta,93.78,96,105,80,25
27-01-2019,2019,1,27,6,Tokyo,Nescafe Coffee,73.26,75,96,91,5
30-01-2019,2019,1,30,2,Toronto,Godrej Hair Dye,22.38,88,103,100,3
08-01-2019,2019,1,8,1,Dubai,Tata Salt,72.88,81,89,86,3
19-01-2019,2019,1,19,5,Pune,Surf Excel,99.1,78,92,32,60
25-01-2019,2019,1,25,4,Mexico City,Dettol Handwash,74.1,55,77,12,65
19-02-2019,2019,2,19,1,Bengaluru,Pepsi Can,98.48,73,103,49,54
14-01-2019,2019,1,14,0,Hyderabad,Boost Drink,53.19,96,120,66,54
25-02-2019,2019,2,25,0,Bengaluru,Aashirvaad Atta,52.79,78,102,13,89
23-01-2019,2019,1,23,2,London,Gillette Razor,95.95,46,58,94,0
16-02-2019,2019,2,16,5,London,Amul Butter,36.51,66,96,16,80
01-01-2019,2019,1,1,1,Hyderabad,Coca-Cola Bottle,21.12,57,81,29,52
07-03-2019,2019,3,7,3,New York,Parachute Oil,28.31,25,43,99,0
15-02-2019,2019,2,15,4,New York,Lux Soap,57.59,34,50,97,0
23-01-2019,2019,1,23,2,Tokyo,Pepsi Can,47.63,78,105,52,53
20-02-2019,2019,2,20,2,New York,Gillette Razor,86.27,28,56,65,0
08-01-2019,2019,1,8,1,Dubai,Bournvita,12.76,38,54,36,18
17-03-2019,2019,3,17,6,Delhi,Lux Soap,11.28,83,97,32,65
12-01-2019,2019,1,12,5,Delhi,Gillette Razor,51.07,99,120,44,76
08-01-2019,2019,1,8,1,Dubai,Colgate Toothpaste,79.59,73,86,78,8
26-01-2019,2019,1,26,5,Chennai,Milton Water Bottle,33.81,99,128,82,46
15-03-2019,2019,3,15,4,Mexico City,Pepsi Can,90.53,37,42,16,26
17-01-2019,2019,1,17,3,Delhi,Vim Bar,62.82,92,105,14,91
08-01-2019,2019,1,8,1,Dubai,Maggi Noodles,24.31,79,105,12,93
06-01-2019,2019,1,6,6,Toronto,Tide Detergent,64.59,56,84,45,39
16-02-2019,2019,2,16,5,Dubai,Boost Drink,24.82,32,59,31,28
13-03-2019,2019,3,13,2,Tokyo,Maggi Noodles,56.5,77,99,26,73
28-01-2019,2019,1,28,0,Toronto,Parachute Oil,21.43,94,106,28,78
18-01-2019,2019,1,18,4,Tokyo,Nescafe Coffee,89.06,25,31,15,16
19-03-2019,2019,3,19,1,Tokyo,Gillette Razor,23.29,97,112,18,94
15-03-2019,2019,3,15,4,Dubai,Oreo Biscuits,65.26,22,30,26,4
12-02-2019,2019,2,12,1,Bengaluru,Surf Excel,52.35,31,47,37,10
25-02-2019,2019,2,25,0,Mumbai,Aashirvaad Atta,39.75,73,97,20,77
21-03-2019,2019,3,21,3,Bengaluru,Gillette Razor,90.02,80,92,25,67
19-01-2019,2019,1,19,5,Chennai,Fortune Rice,12.1,47,53,19,34
08-01-2019,2019,1,8,1,London,Dettol Handwash,33.21,46,68,98,0
30-03-2019,2019,3,30,5,Delhi,Bournvita,10.18,47,70,66,4
20-02-2019,2019,2,20,2,Dubai,Coca-Cola Bottle,31.99,100,109,77,32
30-03-2019,2019,3,30,5,Tokyo,Samsung Galaxy M14,34.42,49,54,17,37
19-03-2019,2019,3,19,1,Tokyo,Vim Bar,83.34,78,84,17,67
13-01-2019,2019,1,13,6,New York,Kissan Jam,45.58,61,84,48,36
05-02-2019,2019,2,5,1,Mexico City,Colgate Toothpaste,87.9,34,47,36,11
23-03-2019,2019,3,23,5,Mumbai,Gillette Razor,73.47,58,78,84,0
13-03-2019,2019,3,13,2,London,Nestle Munch,12.19,74,80,46,34
17-03-2019,2019,3,17,6,Chennai,Gillette Razor,76.92,42,70,92,0
21-02-2019,2019,2,21,3,London,Dettol Handwash,83.66,36,44,56,0
07-02-2019,2019,2,7,3,Bengaluru,Tata Salt,57.91,38,57,55,2
02-03-2019,2019,3,2,5,Dubai,Surf Excel,92.49,29,37,65,0
06-03-2019,2019,3,6,2,Mexico City,Samsung Galaxy M14,28.38,49,74,46,28
06-02-2019,2019,2,6,2,London,Milton Water Bottle,50.45,81,94,72,22
28-01-2019,2019,1,28,0,Mexico City,Samsung Galaxy M14,99.16,28,46,55,0
18-01-2019,2019,1,18,4,Dubai,Apple iPhone 13,60.74,82,112,17,95
05-02-2019,2019,2,5,1,Chennai,Fortune Rice,47.27,23,35,31,4
02-03-2019,2019,3,2,5,Dubai,Pepsi Can,85.6,76,89,48,41
09-02-2019,2019,2,9,5,Bengaluru,Oreo Biscuits,35.04,43,55,71,0
14-01-2019,2019,1,14,0,Bengaluru,Colgate Toothpaste,44.84,95,113,34,79
09-02-2019,2019,2,9,5,Delhi,Tata Salt,45.97,86,114,76,38
26-03-2019,2019,3,26,1,London,Dettol Handwash,27.73,42,49,61,0
28-01-2019,2019,1,28,0,Bengaluru,Samsung Galaxy M14,11.53,43,55,31,24
14-02-2019,2019,2,14,3,Chennai,Godrej Hair Dye,58.32,93,112,68,44
24-03-2019,2019,3,24,6,Bengaluru,Nescafe Coffee,78.38,44,72,46,26
09-02-2019,2019,2,9,5,Delhi,Milton Water Bottle,84.61,70,91,69,22
24-03-2019,2019,3,24,6,New York,Bournvita,82.88,72,84,81,3
27-03-2019,2019,3,27,2,Bengaluru,Oreo Biscuits,79.54,47,75,53,22
27-01-2019,2019,1,27,6,Tokyo,Kissan Jam,49.01,51,80,34,46
27-03-2019,2019,3,27,2,Bengaluru,Milton Water Bottle,29.15,34,46,40,6
19-01-2019,2019,1,19,5,Delhi,Redmi Note 13,56.13,31,56,84,0
07-02-2019,2019,2,7,3,Delhi,Vim Bar,93.12,30,47,62,0
31-01-2019,2019,1,31,3,Bengaluru,Maggi Noodles,51.34,77,82,16,66
25-02-2019,2019,2,25,0,Tokyo,Samsung Galaxy M14,99.6,82,110,33,77
02-02-2019,2019,2,2,5,London,Kellogg's Cornflakes,35.49,40,48,25,23
14-03-2019,2019,3,14,3,Pune,Milton Water Bottle,42.85,65,91,23,68
11-03-2019,2019,3,11,0,Delhi,Samsung Galaxy M14,94.67,72,95,57,38
22-02-2019,2019,2,22,4,Pune,Aashirvaad Atta,68.97,95,102,95,7
02-03-2019,2019,3,2,5,Dubai,Surf Excel,26.26,94,123,81,42
10-03-2019,2019,3,10,6,Chennai,Bournvita,35.79,36,49,80,0
08-02-2019,2019,2,8,4,Bengaluru,Kellogg's Cornflakes,16.37,67,81,96,0
22-02-2019,2019,2,22,4,Delhi,Bournvita,12.73,30,39,55,0
10-01-2019,2019,1,10,3,Hyderabad,Apple iPhone 13,83.14,64,72,11,61
14-03-2019,2019,3,14,3,London,Pepsi Can,35.22,28,48,84,0
10-01-2019,2019,1,10,3,Chennai,Maggi Noodles,13.78,44,61,13,48
15-02-2019,2019,2,15,4,Toronto,Coca-Cola Bottle,88.31,86,94,22,72
13-01-2019,2019,1,13,6,Pune,Tide Detergent,39.62,61,73,72,1
15-02-2019,2019,2,15,4,Mexico City,Godrej Hair Dye,88.25,79,107,11,96
02-03-2019,2019,3,2,5,Hyderabad,Dettol Handwash,25.31,46,70,90,0
24-03-2019,2019,3,24,6,London,Tata Salt,99.92,41,48,38,10
02-02-2019,2019,2,2,5,Mexico City,Kissan Jam,83.35,26,49,77,0
27-02-2019,2019,2,27,2,Delhi,Samsung Galaxy M14,74.44,81,108,62,46
20-01-2019,2019,1,20,6,Bengaluru,Colgate Toothpaste,64.08,55,64,16,48
03-01-2019,2019,1,3,3,London,Amul Butter,63.15,39,60,11,49
24-01-2019,2019,1,24,3,Mumbai,Tata Salt,85.72,43,52,14,38
05-01-2019,2019,1,5,5,Mumbai,Tata Salt,78.89,99,127,62,65
30-03-2019,2019,3,30,5,Delhi,Samsung Galaxy M14,89.48,80,97,24,73
17-02-2019,2019,2,17,6,Mumbai,Tide Detergent,92.09,29,42,56,0
21-03-2019,2019,3,21,3,Delhi,Colgate Toothpaste,57.29,28,49,78,0
02-03-2019,2019,3,2,5,Tokyo,Kissan Jam,66.52,97,116,99,17
27-03-2019,2019,3,27,2,Hyderabad,Godrej Hair Dye,99.82,25,37,40,0
19-01-2019,2019,1,19,5,London,Maggi Noodles,45.68,46,55,98,0
19-02-2019,2019,2,19,1,Delhi,Amul Butter,50.79,35,42,62,0
28-03-2019,2019,3,28,3,Bengaluru,Boost Drink,10.08,26,41,82,0
05-01-2019,2019,1,5,5,Toronto,Coca-Cola Bottle,93.88,95,106,17,89
26-03-2019,2019,3,26,1,Pune,Lay's Chips,84.25,80,88,28,60
03-02-2019,2019,2,3,6,New York,Fortune Rice,53.78,69,93,64,29
06-02-2019,2019,2,6,2,Pune,Samsung Galaxy M14,35.81,99,112,35,77
24-02-2019,2019,2,24,6,Bengaluru,Gillette Razor,26.43,74,88,76,12
21-02-2019,2019,2,21,3,Chennai,Godrej Hair Dye,39.91,56,71,96,0
09-01-2019,2019,1,9,2,Dubai,Fortune Rice,21.9,78,101,77,24
25-02-2019,2019,2,25,0,Hyderabad,Redmi Note 13,62.85,42,53,57,0
13-01-2019,2019,1,13,6,Hyderabad,Surf Excel,21.04,44,68,34,34
09-02-2019,2019,2,9,5,Mumbai,Dove Shampoo,65.91,55,83,65,18
06-01-2019,2019,1,6,6,Toronto,Maggi Noodles,42.57,44,57,22,35
10-01-2019,2019,1,10,3,Pune,Kellogg's Cornflakes,50.49,38,43,88,0
07-02-2019,2019,2,7,3,Delhi,Dettol Handwash,46.02,47,61,65,0
09-01-2019,2019,1,9,2,Toronto,Samsung Galaxy M14,15.8,24,48,35,13
19-02-2019,2019,2,19,1,London,Coca-Cola Bottle,98.66,47,70,18,52
18-03-2019,2019,3,18,0,Delhi,Dettol Handwash,91.98,85,111,79,32
05-02-2019,2019,2,5,1,Delhi,Surf Excel,20.89,86,107,82,25
19-03-2019,2019,3,19,1,Chennai,Milton Water Bottle,15.5,48,70,85,0
30-03-2019,2019,3,30,5,London,Vim Bar,96.82,72,100,43,57
26-01-2019,2019,1,26,5,Hyderabad,Kellogg's Cornflakes,33.33,51,74,57,17
02-03-2019,2019,3,2,5,Hyderabad,Lay's Chips,38.27,69,96,86,10
04-03-2019,2019,3,4,0,Pune,Tata Salt,33.3,57,67,21,46
13-01-2019,2019,1,13,6,Toronto,Godrej Hair Dye,81.01,80,106,51,55
25-03-2019,2019,3,25,0,Pune,Surf Excel,15.8,60,88,84,4
11-03-2019,2019,3,11,0,Pune,Maggi Noodles,34.49,35,48,46,2
01-01-2019,2019,1,1,1,Dubai,Kellogg's Cornflakes,84.63,94,119,48,71
10-02-2019,2019,2,10,6,Mumbai,Pepsi Can,36.91,98,126,82,44
26-01-2019,2019,1,26,5,Chennai,Gillette Razor,87.08,22,50,60,0
11-02-2019,2019,2,11,0,Toronto,Parachute Oil,80.08,95,102,93,9
07-02-2019,2019,2,7,3,Toronto,Dove Shampoo,86.13,52,71,27,44
06-03-2019,2019,3,6,2,Pune,Coca-Cola Bottle,49.92,58,68,97,0
04-03-2019,2019,3,4,0,Hyderabad,Dove Shampoo,74.66,84,107,11,96
26-02-2019,2019,2,26,1,London,Oreo Biscuits,26.6,96,118,32,86
10-03-2019,2019,3,10,6,Chennai,Tide Detergent,25.45,83,90,25,65
04-02-2019,2019,2,4,0,London,Kissan Jam,67.77,46,72,40,32
19-01-2019,2019,1,19,5,Pune,Coca-Cola Bottle,59.59,95,116,57,59
23-01-2019,2019,1,23,2,Toronto,Kissan Jam,58.15,33,48,54,0
14-03-2019,2019,3,14,3,Bengaluru,Gillette Razor,97.48,77,89,37,52
23-01-2019,2019,1,23,2,Delhi,Real Fruit Juice,99.96,25,43,40,3
09-01-2019,2019,1,9,2,Mumbai,Gillette Razor,96.37,44,65,73,0
07-02-2019,2019,2,7,3,Dubai,Surf Excel,63.71,61,76,26,50
18-02-2019,2019,2,18,0,Toronto,Godrej Hair Dye,14.76,36,64,24,40
03-01-2019,2019,1,3,3,London,Nestle Munch,62,49,58,59,0
29-03-2019,2019,3,29,4,Dubai,Lay's Chips,82.34,51,67,62,5
28-01-2019,2019,1,28,0,Bengaluru,Aashirvaad Atta,75.37,84,96,34,62
22-03-2019,2019,3,22,4,Delhi,Parachute Oil,56.56,60,86,76,10
24-01-2019,2019,1,24,3,Pune,Nestle Munch,76.6,82,104,39,65
10-03-2019,2019,3,10,6,New York,Oreo Biscuits,58.03,53,76,94,0
22-02-2019,2019,2,22,4,Mexico City,Boost Drink,17.49,59,68,68,0
18-02-2019,2019,2,18,0,Chennai,Pepsi Can,60.95,90,116,53,63
29-01-2019,2019,1,29,1,Delhi,Godrej Hair Dye,40.35,55,78,14,64
02-03-2019,2019,3,2,5,Hyderabad,Dove Shampoo,97.38,84,95,58,37
09-02-2019,2019,2,9,5,Mexico City,Milton Water Bottle,31.84,55,73,21,52
22-02-2019,2019,2,22,4,Toronto,Gillette Razor,65.82,65,92,87,5
18-02-2019,2019,2,18,0,Tokyo,Kellogg's Cornflakes,88.34,31,53,57,0
